{
  "IcoMoonType": "selection",
  "icons": [
    {
      "icon": {
        "paths": [
          "M624.634 148.477c7.68 0 15.36 0 30.72 0v115.2c-7.68 0-23.040 0-38.4 0s-30.72 0-38.4 7.68c-7.68 7.68-7.68 15.36-7.68 33.28 0 15.36 0 25.6 0 40.96h84.48v97.28h-84.48v422.398h-130.559v-424.958h-69.121v-97.28h69.121v-33.28c0-56.32 7.679-97.28 23.039-115.2 23.040-33.28 69.12-48.64 138.24-48.64 7.68 2.56 15.36 2.56 23.040 2.56z"
        ],
        "attrs": [
          {
            "fill": "rgb(251, 251, 251)",
            "opacity": 0.8
          }
        ],
        "isMulticolor": false,
        "isMulticolor2": false,
        "grid": 0,
        "tags": [
          "facebook"
        ]
      },
      "attrs": [
        {
          "fill": "rgb(251, 251, 251)",
          "opacity": 0.8
        }
      ],
      "properties": {
        "order": 49,
        "id": 2,
        "name": "facebook",
        "prevSize": 32
      },
      "setIdx": 0,
      "setId": 4,
      "iconIdx": 0
    },
    {
      "icon": {
        "paths": [
          "M918.966 344.179c-0.501-34.379-6.872-68.486-19.063-100.64-21.333-54.907-64.779-98.324-119.774-119.579-31.801-11.944-65.417-18.347-99.447-19.074-43.759-1.953-57.634-2.498-168.724-2.498-111.089 0-125.327 0-168.771 2.498-33.982 0.727-67.599 7.13-99.398 19.074-54.998 21.255-98.488 64.671-119.777 119.579-11.964 31.745-18.424 65.307-19.061 99.232-1.956 43.734-2.547 57.586-2.547 168.49s0 125.074 2.547 168.492c0.682 33.968 7.096 67.487 19.061 99.322 21.335 54.864 64.779 98.276 119.823 119.535 31.662 12.351 65.279 19.342 99.398 20.434 43.808 1.951 57.682 2.543 168.771 2.543 111.090 0 125.329 0 168.769-2.543 33.985-0.683 67.601-7.083 99.447-19.029 54.994-21.299 98.441-64.717 119.774-119.58 11.964-31.79 18.381-65.303 19.063-99.322 1.957-43.685 2.543-57.537 2.543-168.489-0.085-110.904-0.085-124.983-2.634-168.445zM511.684 720.987c-116.184 0-210.305-93.963-210.305-209.952 0-115.99 94.121-209.955 210.305-209.955 116.090 0 210.304 93.965 210.304 209.955 0 115.988-94.214 209.952-210.304 209.952zM730.357 342.272c-27.153 0-49.038-21.89-49.038-48.957s21.885-48.957 49.038-48.957c27.068 0 48.998 21.89 48.998 48.957s-21.931 48.957-48.998 48.957z",
          "M511.753 639.226c70.761 0 128.127-57.361 128.127-128.126 0-70.763-57.367-128.128-128.127-128.128-70.764 0-128.128 57.365-128.128 128.128 0 70.765 57.364 128.126 128.128 128.126z"
        ],
        "attrs": [
          {
            "fill": "rgb(251, 251, 251)",
            "opacity": 0.8
          },
          {
            "fill": "rgb(251, 251, 251)",
            "opacity": 0.8
          }
        ],
        "isMulticolor": false,
        "isMulticolor2": false,
        "grid": 0,
        "tags": [
          "instagram"
        ]
      },
      "attrs": [
        {
          "fill": "rgb(251, 251, 251)",
          "opacity": 0.8
        },
        {
          "fill": "rgb(251, 251, 251)",
          "opacity": 0.8
        }
      ],
      "properties": {
        "order": 48,
        "id": 1,
        "name": "instagram",
        "prevSize": 32
      },
      "setIdx": 0,
      "setId": 4,
      "iconIdx": 1
    },
    {
      "icon": {
        "paths": [
          "M775.674 192.009c-43.52-2.56-133.12-5.12-268.799-5.12h-17.92c-130.56 0-217.599 2.56-261.119 7.68-58.88 5.12-99.841 20.48-122.881 40.96-20.48 17.92-35.839 51.2-40.959 94.72-2.56 28.16-5.121 87.040-5.121 176.64v12.8c0 84.482 2.56 143.362 7.68 171.522 7.68 40.96 20.481 71.68 46.081 89.6 25.6 20.48 69.119 33.28 130.559 38.4 43.52 2.56 133.12 5.12 268.8 5.12h17.92c130.559 0 217.599-2.56 261.119-7.68 58.88-5.12 99.84-20.48 122.88-40.96 20.48-17.92 35.84-51.2 40.96-94.72 2.56-28.16 5.12-87.040 5.12-176.642v-12.8c0-84.48-2.56-143.36-7.68-171.52-7.68-40.96-20.48-71.68-46.080-89.6-25.6-20.48-69.12-33.28-130.56-38.4zM675.834 506.889l-281.598 168.962v-337.922l281.598 168.96z"
        ],
        "attrs": [
          {
            "fill": "rgb(251, 251, 251)",
            "opacity": 0.8
          }
        ],
        "isMulticolor": false,
        "isMulticolor2": false,
        "grid": 0,
        "tags": [
          "youtube"
        ]
      },
      "attrs": [
        {
          "fill": "rgb(251, 251, 251)",
          "opacity": 0.8
        }
      ],
      "properties": {
        "order": 47,
        "id": 0,
        "name": "youtube",
        "prevSize": 32
      },
      "setIdx": 0,
      "setId": 4,
      "iconIdx": 2
    }
  ],
  "height": 1024,
  "preferences": {
    "showGlyphs": true,
    "showQuickUse": true,
    "showQuickUse2": true,
    "showSVGs": true,
    "fontPref": {
      "prefix": "icon-",
      "metadata": {
        "fontFamily": "icomoon"
      },
      "metrics": {
        "emSize": 1024,
        "baseline": 6.25,
        "whitespace": 50
      },
      "embed": false
    },
    "imagePref": {
      "prefix": "icon-",
      "png": true,
      "useClassSelector": true,
      "color": 0,
      "bgColor": 16777215,
      "classSelector": ".icon",
      "name": "icomoon"
    },
    "historySize": 50,
    "showCodes": true,
    "gridSize": 16
  }
}